ds,yhat,yhat_lower,yhat_upper,dia_habil
2024-05-06,7.397523263384452,2.0268559397707193,12.896139289546602,1
2024-05-07,6.859819522709544,1.6188437055262013,12.128721753929968,1
2024-05-08,6.5421109914597,0.8574862683773921,11.821095191023302,1
2024-05-09,6.0607484578776605,0.8900362624948961,11.612137069074546,1
2024-05-10,4.972545663937468,0.0,10.022021356280986,1
2024-05-11,0.0,0.0,5.387254086295919,0
2024-05-12,0.0,0.0,5.193485000948329,0
2024-05-13,2.107037844603985,0.0,7.7292265380039,0
2024-05-14,6.619317582545633,0.9199239548536879,12.163997771588093,1
2024-05-15,6.326641465357016,0.9321264581823318,11.820487908167198,1
2024-05-16,5.870563719313298,0.050872137731806655,11.50263045102115,1
2024-05-17,4.796421822705134,0.0,10.373616868508643,1
2024-05-18,0.0,0.0,4.76150180009738,0
2024-05-19,0.0,0.0,4.913573441288377,0
2024-05-20,7.164175782759365,1.9182856205201964,12.906268433168437,1
2024-05-21,6.6807983445033585,1.0074696313472946,12.194064218216466,1
2024-05-22,6.434994637584937,0.938889941310229,11.914389226730378,1
2024-05-23,6.02269547987938,0.44774054457656093,11.620415614960047,1
2024-05-24,4.977508750604355,0.0,10.093427171156936,1
2024-05-25,0.0,0.0,5.433666536932383,0
2024-05-26,0.0,0.0,4.326662636486856,0
2024-05-27,7.564355933991825,2.130671723565761,12.938770652208746,1
2024-05-28,7.119321494349604,1.5273108462165763,12.623057976830335,1
2024-05-29,6.914865973967455,1.4365712652170013,12.859078558793692,1
2024-05-30,6.536590213087423,1.1444134040262084,12.3318705746342,1
2024-05-31,5.5064535564392045,0.0,10.883368908921026,1
2024-06-01,0.05539109529400644,0.0,5.548197327208411,0
2024-06-02,0.0,0.0,5.125663754014961,0
2024-06-03,2.8362169073682684,0.0,8.555202541398435,0
2024-06-04,7.812373692592955,2.2104747611584465,13.0849457103399,1
2024-06-05,7.617999621999993,2.2134276063926275,13.151972177287998,1
2024-06-06,7.240112493209097,1.920603062239624,12.661692382836499,1
2024-06-07,6.189520145920033,0.614728471057859,11.558940511102803,1
2024-06-08,0.6095091991321078,0.0,5.85253643712794,0
2024-06-09,0.2814863769107106,0.0,5.85419115203338,0
2024-06-10,3.436005431639869,0.0,8.781938071509213,0
2024-06-11,8.510143686121632,2.975859371528552,14.265814020764706,1
2024-06-12,8.289708012083375,2.5477961497807313,13.654288947571477,1
2024-06-13,7.877799703136263,2.554458510648113,13.180278140608149,1
2024-06-14,6.77468129520276,1.1479784986171997,12.560660439472999,1
2024-06-15,1.0365662164395684,0.0,6.4102261209751905,0
2024-06-16,0.6687276709960287,0.0,5.949211428014063,0
2024-06-17,9.523223315590771,3.7610602120907988,14.914391178462013,1
2024-06-18,9.015897767124368,3.5328255241939353,14.040509216173467,1
2024-06-19,8.756600737983407,3.132716376661885,14.265609367698369,1
2024-06-20,8.302770267315552,2.897410322182848,13.920761061579453,1
2024-06-21,7.144267638517617,1.7334230435464515,12.522096341590439,1
2024-06-22,1.2502744270113797,0.0,6.6929132545491274,0
2024-06-23,0.8498646822140378,0.0,6.368653106752652,0
2024-06-24,9.879781209831455,4.083200169116339,15.27502893507962,1
2024-06-25,9.344284804415336,4.081205843797493,15.013156196701384,1
2024-06-26,9.066946321448954,3.783474414282239,14.274525985691316,1
2024-06-27,8.595694410782105,2.6326874130226727,13.848801398911014,1
2024-06-28,7.409405664163862,1.4823702023071677,12.829965668423492,1
2024-06-29,1.3895631407884455,0.0,7.058408212053165,0
2024-06-30,0.9883039610519692,0.0,6.8009555962908275,0
2024-07-01,4.313587901752405,0.0,9.92917041504345,0
2024-07-02,9.695276822018098,4.623062234655304,15.078157343497322,1
2024-07-03,9.431782849802934,4.193553009866951,14.979068540597616,1
2024-07-04,8.973334048115717,3.812999126189382,14.298163897284317,1
2024-07-05,7.786971400140646,2.1735990767095754,13.315428087414604,1
2024-07-06,1.665661634598179,0.0,7.230884455971131,0
2024-07-07,1.283839361103548,0.0,7.109819979633561,0
2024-07-08,10.745333595175628,5.502812961967223,15.939865863830432,1
2024-07-09,10.228959941112775,4.9332735342744,15.809010322012329,1
2024-07-10,9.983510744120045,4.197079182666882,15.242713652591254,1
2024-07-11,9.535783077679087,3.437014542978921,14.85595907115989,1
2024-07-12,8.3407293987416,3.0153167204436797,13.794495247924853,1
2024-07-13,2.1026870733056326,0.0,7.809581716312958,0
2024-07-14,1.7184215999244108,0.0,7.203699085910253,0
2024-07-15,11.37514107341115,5.8341424728697175,17.16657564749768,1
2024-07-16,10.838968898532181,5.536486754678092,16.346064893477102,1
2024-07-17,10.571538017221298,4.903934783694922,16.21900921669446,1
2024-07-18,10.08950990816117,4.638590225563013,15.545054810611319,1
2024-07-19,8.83650200087678,3.1393444056597706,14.584950852315384,1
2024-07-20,2.4290948796698886,0.0,7.980035694577521,0
2024-07-21,1.9873612238044756,0.0,7.46707921858346,0
2024-07-22,11.782950257089723,6.1595605401436,17.397207540024255,1
2024-07-23,11.170420829087881,5.9066217153164065,16.413972579950155,1
2024-07-24,10.825417657913423,4.879921557753504,16.244023581519105,1
2024-07-25,10.255657931637893,4.982757151379585,16.110909517749008,1
2024-07-26,8.894611124085888,3.0389581222310285,14.508825411083327,1
2024-07-27,2.272259113194281,0.0,7.750157724064316,0
2024-07-28,1.7330861195735652,0.0,7.123406904409158,0
2024-07-29,11.634209145958563,6.131106999128449,16.786704528864387,1
2024-07-30,10.919548548340458,5.325223453112956,16.26381966546547,1
2024-07-31,10.479564919834209,4.911996018293852,15.8824109481679,1
2024-08-01,9.813694218592051,4.1506704810176425,15.248778568499157,1
2024-08-02,8.345763340829114,2.781313776294163,13.459322910671009,1
2024-08-03,1.519489449343549,0.0,6.861072171389879,0
2024-08-04,0.9039204441689404,0.0,6.269105043728402,0
2024-08-05,10.941604428955616,5.8487854977158324,16.214733947496843,1
2024-08-06,10.165594475999079,4.8621080864768285,15.687831464945647,1
2024-08-07,3.105545331412558,0.0,8.89550797846585,0
2024-08-08,8.977608047391108,3.679952282844782,14.476886715771949,1
2024-08-09,7.469576141715817,1.9297570602717413,13.05669867554717,1
2024-08-10,0.5131492039599225,0.0,6.01745214010976,0
2024-08-11,0.0,0.0,5.929373115192299,0
2024-08-12,10.159365229740741,4.558263549128321,16.197781334592747,1
2024-08-13,9.40958080260316,3.9206140336180435,14.802082140041842,1
2024-08-14,8.969289784455196,3.652912134781741,14.13019175234755,1
2024-08-15,8.318650651490698,3.1537641077555305,13.75367439480691,1
2024-08-16,6.859086698112023,1.2799704533423208,12.128117993884528,1
2024-08-17,0.0,0.0,6.12153402558252,0
2024-08-18,0.0,0.0,4.606508414828917,0
2024-08-19,3.0959403967045147,0.0,8.530470728155636,0
2024-08-20,9.231151425240627,3.991632218265322,14.696718721038316,1
2024-08-21,8.895668284097663,3.505527888684623,14.132103641013611,1
2024-08-22,8.348183779476784,2.850760924490083,13.783413867309273,1
2024-08-23,6.977150053078671,1.7200830791999866,12.531231613907002,1
2024-08-24,0.0,0.0,5.295036664647945,0
2024-08-25,0.0,0.0,5.316004595049183,0
2024-08-26,10.390570999952226,4.967182062635617,16.022170110180692,1
2024-08-27,9.821969432441062,3.6783704472999097,15.451151954756972,1
2024-08-28,9.569964254356362,3.847398279497312,15.0806670820369,1
2024-08-29,9.091833284398152,3.750197960511167,14.597339380477901,1
2024-08-30,7.763506296471932,2.188294441812949,13.355645472528373,1
2024-08-31,0.6741544372055437,0.0,6.024182058799612,0
2024-09-01,0.2817792870252981,0.0,5.650430712260623,0
2024-09-02,11.3615279631678,6.116812202979306,17.02935441683674,1
2024-09-03,10.79400044391677,5.2044320158156525,16.119791432802042,1
2024-09-04,10.533516723237959,5.006257915930232,16.109075834481224,1
2024-09-05,10.027565675322174,4.558276728930272,15.582003598465759,1
2024-09-06,8.641193855873391,2.9775629119463547,13.885443178985371,1
2024-09-07,1.376346280396653,0.0,7.082332422324486,0
2024-09-08,0.9149989093822447,0.0,6.486342521949842,0
2024-09-09,12.11800759505568,6.4647573193110155,17.437945714043632,1
2024-09-10,11.454443510636374,6.236240098969292,16.874233633232905,1
2024-09-11,11.093490089750807,5.427737759015458,16.64894529124652,1
2024-09-12,10.474413690371632,4.817010382810876,16.28899025290029,1
2024-09-13,8.952711248523133,3.319902467973433,14.574985763485493,1
2024-09-14,1.4429589273762597,0.0,6.867616793019801,0
2024-09-15,0.8556388431981525,0.0,6.383996419622576,0
2024-09-16,12.139951331108483,6.880956762278698,18.001067222478518,1
2024-09-17,11.347291780023566,5.864320287658181,16.703337070041638,1
2024-09-18,10.866209850345003,5.354670351674088,16.62430180663238,1
2024-09-19,10.127974860579984,4.319539469894196,15.665588228108465,1
2024-09-20,8.478608080053656,2.622796350817158,13.818782012643506,1
2024-09-21,0.7450534972036091,0.0,6.152435044041897,0
2024-09-22,0.06671461946386165,0.0,5.44361072582354,0
2024-09-23,11.479868149756399,5.970739356425476,16.963459984308145,1
2024-09-24,10.61727918265574,4.907649462350084,16.07689407605185,1
2024-09-25,10.085750069341735,4.150729068811881,15.455210140005464,1
2024-09-26,9.307234945465177,3.653301453578967,14.784852385945092,1
2024-09-27,7.616779325374453,1.904626346296816,13.166536715549201,1
2024-09-28,0.0,0.0,5.182364639643035,0
2024-09-29,0.0,0.0,4.874059753511044,0
2024-09-30,10.720815304855444,4.988453864415721,16.32636606497431,1
2024-10-01,9.888011175520552,4.179503432193482,15.855315418613719,1
2024-10-02,9.404246204933397,4.023507971821664,14.919719868474777,1
2024-10-03,8.68021992283324,3.187097737694798,14.317318243513045,1
2024-10-04,7.038143350280915,1.8046476525252297,12.359980769531088,1
2024-10-05,0.0,0.0,4.412875086643909,0
2024-10-06,0.0,0.0,3.59781233437347,0
2024-10-07,10.464163941680448,4.806473173855142,16.11736941312381,1
2024-10-08,9.712793716170763,3.883470445769022,15.514415943899635,1
2024-10-09,9.31574908633582,3.4960111132992804,14.670449072537782,1
2024-10-10,8.671623329196784,3.0724619304715564,14.273479291763183,1
2024-10-11,7.08914432992294,1.3693053334708396,12.249536314910202,1
2024-10-12,0.0,0.0,4.542059577501827,0
2024-10-13,0.0,0.0,4.200777996036916,0
2024-10-14,2.9796653174506194,0.0,8.761331609515008,0
2024-10-15,10.06998461155275,4.642080748214433,15.46491436799485,1
2024-10-16,9.702054951129366,4.486747824550429,15.04669525141438,1
2024-10-17,9.068853505178168,3.5092720873575467,14.880209267066531,1
2024-10-18,7.467101365171185,1.511003201062838,13.072926102717695,1
2024-10-19,0.0,0.0,4.990080642005227,0
2024-10-20,0.0,0.0,3.83667068743014,0
2024-10-21,11.154349292516281,5.063873289584383,16.37007825070272,1
2024-10-22,10.37583224536313,4.851691606798718,15.874094902283181,1
2024-10-23,9.937283849516387,4.759103548466757,15.242143455051698,1
2024-10-24,9.217769094973866,3.7066476363474736,14.871067143617612,1
2024-10-25,7.504326485101068,1.980383832035551,12.809831474168012,1
2024-10-26,0.0,0.0,4.508725893836545,0
2024-10-27,0.0,0.0,4.384780363819707,0
2024-10-28,10.956840981300013,5.577897168436406,16.767365161467218,1
2024-10-29,10.06315490733304,4.419808599191217,15.263577535841886,1
2024-10-30,9.517060710762715,4.2276128071723935,15.203073874344287,1
2024-10-31,8.690341178132968,3.1347102938907003,14.577108483843617,1
2024-11-01,6.861360218882645,1.4019510486434759,12.396813341746904,1
2024-11-02,0.0,0.0,3.947142804111887,0
2024-11-03,0.0,0.0,3.00548449884758,0
2024-11-04,1.9857123318607364,0.0,7.376081293327561,0
2024-11-05,9.233190004705714,3.9667140321462773,14.81186027821824,1
2024-11-06,8.663525020276303,3.176213486964383,14.117114924885412,1
2024-11-07,7.829007138992675,2.39931131006532,13.473408003601792,1
2024-11-08,5.997744529117079,0.5608306914702409,11.813963013201006,1
2024-11-09,0.0,0.0,3.0156169349951285,0
2024-11-10,0.0,0.0,1.9533018494461039,0
2024-11-11,1.2572331754190644,0.0,6.6729447913898,0
2024-11-12,8.731371042599045,3.2714479767658298,14.497716583763598,1
2024-11-13,8.286353949252318,2.734028881952345,13.819150616603872,1
2024-11-14,7.590868172133031,1.911644372070482,12.899614177543071,1
2024-11-15,5.899709712766369,0.5213076880871629,11.325540180148254,1
2024-11-16,0.0,0.0,2.6022168460935506,0
2024-11-17,0.0,0.0,2.502697586350595,0
2024-11-18,10.109548963306663,4.681877387195573,15.277942387225496,1
2024-11-19,9.46066955787462,3.8861510126072325,15.163878467604702,1
2024-11-20,9.217065970622523,3.8629297324165073,14.764252674335625,1
2024-11-21,8.71693073274604,3.0723286352406745,14.27833229211191,1
2024-11-22,7.200024838435327,1.1073175897078116,12.596179349866663,1
2024-11-23,0.0,0.0,4.074908778536816,0
2024-11-24,0.0,0.0,3.5892677135043822,0
2024-11-25,12.00177721287266,6.544476743579976,17.47375225948339,1
2024-11-26,11.4836042382856,5.9797832630554275,17.14639268573933,1
2024-11-27,11.354100334488932,5.831719915085448,17.329778762051532,1
2024-11-28,10.938935368762182,5.4219443054748515,16.47732259520406,1
2024-11-29,9.464379533196576,3.5681985512002257,15.033322041613852,1
2024-11-30,0.8561375135232466,0.0,6.218957480508302,0
2024-12-01,0.5237183050266876,0.0,5.926505225551901,0
2024-12-02,14.355315617814313,8.843931476430328,19.61235538928708,1
2024-12-03,13.773921482565921,8.231792747411264,19.171363889397487,1
2024-12-04,13.556875075628987,8.326818647364247,18.752614884416076,1
2024-12-05,13.020952569522041,7.689688956704859,18.4421736213589,1
2024-12-06,11.382700907694055,5.9682651072291755,16.84117162379223,1
2024-12-07,2.480480888881119,0.0,7.761400459379099,0
2024-12-08,1.954181416685357,0.0,6.806388312917197,0
2024-12-09,15.780945562546512,10.340507666035938,21.02814632923715,1
2024-12-10,14.966806342008056,9.693826380992459,20.418303135069863,1
2024-12-11,14.510627802424949,9.213352605244294,20.017619142099562,1
2024-12-12,13.723295679039191,8.272378980028641,19.022028111193542,1
2024-12-13,11.814259187913061,6.5313509102934155,17.283543354714652,1
2024-12-14,2.536725574127843,0.0,8.380162006296597,0
2024-12-15,1.7626698696745062,0.0,7.183041598639837,0
2024-12-16,15.559367369199865,9.94210384754941,21.014220381125487,1
2024-12-17,14.516522968045214,8.680109827189753,20.150687829715768,1
2024-12-18,13.854587270103787,8.425780469957804,19.4581960924268,1
2024-12-19,12.878042655301252,7.293316102644215,18.642325061863968,1
2024-12-20,10.788159803491816,5.23780099180217,16.653111759506032,1
2024-12-21,1.2513624365864717,0.0,6.885275208959153,0
2024-12-22,0.3695630373467237,0.0,5.5499752102981805,0
2024-12-23,14.297543415193845,8.630542305167687,19.81260980039991,1
2024-12-24,13.205629700240669,7.347693422041952,18.90588935113613,1
2024-12-25,3.411600259854343,0.0,8.876082684365228,0
2024-12-26,11.572358315413892,5.560455264151215,17.092617770623086,1
2024-12-27,9.51453558455866,4.07098305805501,14.825649032057614,1
2024-12-28,0.0,0.0,5.187167094729741,0
2024-12-29,0.0,0.0,4.332947481721608,0
2024-12-30,13.429492702787098,7.756279326354267,18.89838166994584,1
2024-12-31,12.489595272532043,6.876434631615723,18.022902693564347,1
2025-01-01,2.744723702809692,0.0,8.549820161884472,0
2025-01-02,11.221870765311774,5.823587692569736,16.862853034949005,1
2025-01-03,9.348719279639424,4.016583989531715,14.9623792540377,1
2025-01-04,0.0,0.0,5.351734578486262,0
2025-01-05,0.0,0.0,4.905554627730359,0
2025-01-06,4.645537015913047,0.0,10.029391426754053,0
2025-01-07,13.250281863683336,8.12175384097549,18.574248162890466,1
2025-01-08,12.955754585855606,7.558144355003026,18.32177235709205,1
2025-01-09,12.36916735985006,7.0518647390710845,17.94223588518804,1
2025-01-10,10.649717158480367,5.42239304893565,15.894726737528142,1
2025-01-11,1.1869172422775736,0.0,6.723807503499891,0
2025-01-12,0.7572461682137991,0.0,6.18205476389339,0
2025-01-13,15.764379679245428,10.494228024686011,21.43173504187433,1
2025-01-14,15.108777615365968,9.452954554294928,20.677792924277014,1
2025-01-15,14.87397409194843,9.513379498285943,20.330283263663105,1
2025-01-16,14.316710320977492,8.856541371725315,20.025840046473867,1
2025-01-17,12.58498955660121,7.353293503873308,17.95349505705145,1
2025-01-18,2.979530891401962,0.0,8.442481425407362,0
2025-01-19,2.505765277786983,0.0,7.962935459340712,0
2025-01-20,17.65493064742509,11.874299644040676,22.910838370249113,1
2025-01-21,16.909201187047486,11.817695673233885,22.52767176942625,1
2025-01-22,16.57235012179266,10.641717796748006,22.24725545769995,1
2025-01-23,15.894011366801571,10.38439910512149,21.18271535257555,1
2025-01-24,14.01394411414289,8.664090799194902,19.578300271255515,1
2025-01-25,4.146646441640385,0.0,9.810102006007993,0
2025-01-26,3.5286436081839154,0.0,8.960027727790514,0
2025-01-27,18.74040629625381,13.567396597210694,24.2704073350214,1
2025-01-28,17.84698763163241,11.93076078011227,23.543810666469653,1
2025-01-29,17.373039114124584,11.940282342292873,22.944794603743894,1
2025-01-30,16.561193217369116,10.970006101214743,22.3290539009644,1
2025-01-31,14.542542000051373,9.142504359546507,20.25514391685522,1
2025-02-01,4.44442703843644,0.0,9.830310614295467,0
2025-02-02,3.733048160802144,0.0,9.546256112511776,0
2025-02-03,19.07624388956051,13.752758940554271,24.58464866182075,1
2025-02-04,18.11968519916922,12.831324893081419,23.650691718927963,1
2025-02-05,17.60630228722563,11.860442397793939,23.059429230518425,1
2025-02-06,16.768853099680424,11.570537652133845,22.417578556473515,1
2025-02-07,14.681076222691248,9.154396929225282,20.106283303951066,1
2025-02-08,4.4888572880313085,0.0,10.114132222084764,0
2025-02-09,3.7962925015279745,0.0,9.39750885228648,0
2025-02-10,19.18429695823929,13.631660875358579,24.689994998655227,1
2025-02-11,18.230839649179636,12.828075146609885,23.610556777382243,1
2025-02-12,17.732962229834058,12.319695081327005,23.014983809121503,1
2025-02-13,16.92336407064404,11.424844978236525,22.47095609282591,1
2025-02-14,14.932030968958257,8.878529655437697,20.54201991090781,1
2025-02-15,4.908296026518709,0.0,10.15212869204742,0
2025-02-16,4.2979777213079355,0.0,10.13029799009849,0
2025-02-17,19.62060036824342,14.137048421088208,25.135804399149556,1
2025-02-18,18.738359742101654,12.995078377783386,24.36166594027004,1
2025-02-19,18.297284053719437,12.594383443196229,23.750239104764393,1
2025-02-20,17.53467370481891,11.883019763796218,23.108666084525414,1
2025-02-21,15.586373857283455,10.35953973960711,21.155082206027988,1
2025-02-22,5.661258966872726,0.0,11.229202667116825,0
2025-02-23,5.0486161592584455,0.0,10.444699784357633,0
2025-02-24,20.20866194114554,14.34793382052026,25.33443696426308,1
2025-02-25,19.290185040544387,14.101184752091397,24.69830798568008,1
2025-02-26,18.790790541453795,13.285042634152566,24.52291746981593,1
2025-02-27,17.95513112573954,12.27676620350899,23.632756798288472,1
2025-02-28,15.927757665934374,10.610608448405795,21.79245699557907,1
2025-03-01,5.979960547947878,0.3973351243178934,11.312304214521838,0
2025-03-02,5.247332026906871,0.0,10.700990600072638,0
2025-03-03,20.133514937762,14.861890779435349,25.42145134999209,1
2025-03-04,19.076427360564423,13.71269572924667,24.728735525261953,1
2025-03-05,18.427640316360986,12.714465456944154,23.709338406905676,1
2025-03-06,17.441244000708274,11.94442807966035,23.061732421226814,1
2025-03-07,15.272274926054509,9.497327313082055,20.897310471305804,1
2025-03-08,5.255932413036275,0.0,10.965271144505426,0
2025-03-09,4.37502386889501,0.0,9.76470236790602,0
2025-03-10,18.97714977309053,13.585472678842532,24.621613154191426,1
2025-03-11,17.790064833655443,12.09623873285227,23.264446780794167,1
2025-03-12,17.018919984801038,11.503163168277505,22.28612600424099,1
2025-03-13,15.92673120376678,10.89057441964323,21.736475292102565,1
2025-03-14,13.67813505567906,8.321518516108387,19.6715046499742,1
2025-03-15,3.6710264041450564,0.0,9.207775836640833,0
2025-03-16,2.7338126820543907,0.0,8.436754044124719,0
2025-03-17,17.156290271141415,11.695193886134954,22.344531833789578,1
2025-03-18,15.954005466393504,10.530783561168725,21.273115813668955,1
2025-03-19,15.183482062410521,9.615959191945079,20.59801721975453,1
2025-03-20,14.11431755507439,8.946815213130904,19.592991062541838,1
2025-03-21,11.918328739412093,6.465870321680376,17.338103702469528,1
2025-03-22,2.0536629876783214,0.0,7.598889052591525,0
2025-03-23,1.1919128760823574,0.0,7.015745984478094,0
2025-03-24,6.230101416102753,0.9752982708124704,11.564099873203437,0
2025-03-25,14.467247866272398,9.303645361787005,20.182335149502222,1
2025-03-26,13.811304996789486,8.597947791963149,19.25245344292149,1
2025-03-27,12.86923766855782,6.918936492746764,18.541365886160566,1
2025-03-28,10.818431056465393,5.5819799650475765,16.53843163479902,1
2025-03-29,1.175932730252675,0.0,6.602280763721609,0
2025-03-30,0.45544668223432927,0.0,6.131762798574683,0
2025-03-31,14.82570323373773,9.192989821245344,20.78200048827996,1
2025-04-01,13.872918184156655,8.381844403439011,19.80455740601102,1
2025-04-02,13.352074064248031,7.8907520049135105,18.971983037600346,1
2025-04-03,12.542338903399191,6.796733014530645,17.868869600007436,1
2025-04-04,10.627042193279314,4.935269195565462,15.709910712953983,1
2025-04-05,1.1827664340480137,0.0,6.600415414598565,0
2025-04-06,0.5661971949532781,0.0,5.967384865817036,0
2025-04-07,14.886220603344594,9.439140395615238,20.595128140764785,1
2025-04-08,14.015405249179736,7.83785462020163,19.570255350959258,1
2025-04-09,13.559276460101586,7.943759432172893,19.256130980212248,1
2025-04-10,12.80336086460322,7.275008043687339,18.41133761405605,1
2025-04-11,10.938536877572794,5.396138379746585,16.64491941476505,1
2025-04-12,1.6025736320557418,0.0,7.064603630690343,0
2025-04-13,0.9968042265508481,0.0,7.01880338912909,0
2025-04-14,15.171919265628956,9.559833406061156,20.499489734959305,1
2025-04-15,14.288442328888301,9.434742595445789,20.29353490737555,1
2025-04-16,13.803970714478286,8.438968739101705,19.32495609314531,1
2025-04-17,3.9788272753211937,0.0,9.667654616898657,0
2025-04-18,2.0912305428762874,0.0,7.6969501693228075,0
2025-04-19,1.8038649387570815,0.0,7.224579070334482,0
2025-04-20,1.135213219876915,0.0,6.917451347451255,0
2025-04-21,15.099163799208032,9.931939595892977,20.71266369112263,1
2025-04-22,14.144918548757731,8.742142925000593,19.853833090579933,1
2025-04-23,13.582708390536135,8.107208246608367,18.821094221229075,1
2025-04-24,12.714043959682618,7.031950058257199,18.46109466776762,1
2025-04-25,10.74777935765567,4.683706559746047,16.207817400415603,1
2025-04-26,1.4465198952854528,0.0,7.207945459042485,0
2025-04-27,0.7029253184273536,0.0,6.44702274053904,0
2025-04-28,14.452888304574307,8.811324756818092,20.697962138997532,1
2025-04-29,13.433998538997908,7.689526785950999,19.14154930158033,1
2025-04-30,12.80872549545595,7.658870058390642,18.384280966558315,1
2025-05-01,3.0280793667387815,0.0,8.62526690474089,0
2025-05-02,9.884081459904888,4.3732065314560185,15.049625386606062,1
2025-05-03,0.626554091212566,0.0,6.17165183306974,0
2025-05-04,0.0,0.0,5.370137718983219,0
2025-05-05,13.436080150748639,7.656374572056526,19.49462393417101,1
2025-05-06,12.406048108218945,6.785742033774959,18.020802423486106,1
2025-05-07,11.77516800819262,6.476395715388694,17.156237118259693,1
2025-05-08,10.859584457216647,5.242285429962252,16.424913329178004,1
2025-05-09,8.884463197447458,3.228082294468382,14.523299683577708,1
2025-05-10,0.0,0.0,5.500373096305577,0
2025-05-11,0.0,0.0,4.463229307830116,0
2025-05-12,12.479062901187948,6.821649242438743,17.829709303150725,1
2025-05-13,11.50283369584375,6.366719289656352,16.690476567266707,1
2025-05-14,10.929941514787807,5.1808590475988066,16.47709082104875,1
2025-05-15,10.08277249362729,4.397266598174742,15.700900758120323,1
2025-05-16,8.193600203343884,2.6531402810525395,14.025969605346864,1
2025-05-17,0.0,0.0,4.509983170865739,0
2025-05-18,0.0,0.0,3.9229304797655535,0
2025-05-19,11.985160577491506,6.907546206898387,17.52978534689454,1
2025-05-20,11.1049389536468,5.57564381736938,16.32545785303225,1
2025-05-21,10.626804967631646,5.128618844007671,16.004569257022915,1
2025-05-22,9.87897393803208,4.5423071429806,15.235905661709117,1
2025-05-23,8.100470844187079,2.7837913568140196,13.762803357596615,1
2025-05-24,0.0,0.0,4.997477326844342,0
2025-05-25,0.0,0.0,4.343251989487336,0
2025-05-26,12.12331810719635,6.304122198520616,17.931775753870394,1
2025-05-27,11.336750064070332,5.680822358427568,16.892922874329184,1
2025-05-28,10.944058089379881,5.492359829022639,16.524218870130483,1
2025-05-29,10.279374641471467,5.048206424467349,16.502147963579706,1
2025-05-30,8.588653380908598,2.944891418291723,14.058475968352845,1
2025-05-31,0.0,0.0,5.565771485442336,0
2025-06-01,0.0,0.0,5.262369636139949,0
2025-06-02,4.2784024331387664,0.0,9.826730340572398,0
2025-06-03,11.99811161354942,6.197834146378979,17.104445086207818,1
2025-06-04,11.640351178664613,6.276340107781213,17.305597378268832,1
2025-06-05,11.004569173344427,5.613255103345995,16.52766562996895,1
2025-06-06,9.344426790866601,4.385207281752811,14.795207630880228,1
2025-06-07,0.7876589731930097,0.0,6.571023551312415,0
2025-06-08,0.2914176426160186,0.0,5.866935293461155,0
2025-06-09,13.437748373438883,7.542843739965006,18.78016064098056,1
2025-06-10,12.686154106845956,7.374568456894123,18.07283260351499,1
2025-06-11,12.30472622007801,6.9275756777977495,17.552398508354806,1
2025-06-12,11.641786297848165,6.811849789325094,17.151243471890833,1
2025-06-13,9.959612705138932,4.421157679792209,15.37116454158987,1
2025-06-14,1.4480502969405404,0.0,7.245050510297621,0
2025-06-15,0.9096711680870854,0.0,6.024013832353791,0
2025-06-16,13.868943264599995,8.346240581054316,19.266709707741665,1
2025-06-17,13.073784759857332,7.471414844776883,18.577478494427897,1
2025-06-18,12.644659780954926,7.37789218386179,17.895428654530548,1
2025-06-19,11.937821774826773,6.301272582115474,17.430077504343352,1
2025-06-20,10.224394671480205,4.5593536605363,15.69055132797061,1
2025-06-21,1.7564144892544828,0.0,7.233621316328469,0
2025-06-22,1.181802361520899,0.0,6.490586083218035,0
2025-06-23,5.770714113418417,0.15963688045981694,10.855069354213772,0
2025-06-24,13.148630108041207,7.578975124492739,18.46296440574275,1
2025-06-25,12.698332788331369,7.328833566397905,18.19812243066325,1
2025-06-26,11.979846816935769,6.905764331111998,17.553487544223078,1
2025-06-27,10.272342293188442,4.647580500624458,15.743283785958983,1
2025-06-28,1.8891313030989363,0.0,7.016835228971845,0
2025-06-29,1.3224704222473853,0.0,6.608181602745175,0
2025-06-30,5.871013874672079,0.29208065840143294,11.403051510490258,0
2025-07-01,13.184946778894332,7.422770622745196,18.47790923018434,1
2025-07-02,12.75989645201387,7.0841881467752135,17.96312326643839,1
2025-07-03,12.074566209163718,6.456536185072322,17.014587437282223,1
2025-07-04,10.415000501426617,4.871248592870229,15.691333667343573,1
2025-07-05,2.154659543175352,0.0,7.8424310432429385,0
2025-07-06,1.6290768229606063,0.0,7.218548962325774,0
2025-07-07,14.186160938162606,8.599306654904433,19.828419509225398,1
2025-07-08,13.434792342480273,7.871669454605518,19.16857035283047,1
2025-07-09,13.04789500542018,7.7273150823050445,18.67568193824051,1
2025-07-10,12.400576288886503,7.359069115215503,17.694245288467325,1
2025-07-11,10.785372043196887,4.8351643588786635,16.143804725071156,1
2025-07-12,2.6356904253057984,0.0,8.109048930462704,0
2025-07-13,2.1303321082236453,0.0,7.295808338335219,0
2025-07-14,14.55753017905049,9.259508285949169,20.220691328506653,1
2025-07-15,13.812583571530853,7.997615433269844,19.461938640056264,1
2025-07-16,13.418937377666023,7.927183261145778,18.879503460440016,1
2025-07-17,12.75796712572064,7.329827010343983,17.890445209824758,1
2025-07-18,11.12961765555717,5.251564414943681,16.598374911504102,1
2025-07-19,3.028314219341646,0.0,8.606937800237887,0
2025-07-20,2.4773252838879083,0.0,8.103019290001848,0
2025-07-21,14.706517379387861,9.595320882841428,20.630835665388098,1
2025-07-22,13.898999339681458,8.359089131559484,19.83367651901928,1
2025-07-23,13.430183347662402,7.799603726658859,18.831244277854047,1
2025-07-24,12.689184156650066,7.276048583912747,18.3661609473104,1
2025-07-25,10.984821371022115,5.506230902639569,16.227633351080275,1
2025-07-26,2.873967182064164,0.0,8.66033938061189,0
2025-07-27,2.2257214929452704,0.0,7.8119952967862245,0
2025-07-28,14.212852469094468,8.879590724272706,19.34970490999989,1
2025-07-29,13.307423984491198,7.678491008811313,18.881258590581915,1
2025-07-30,12.737812038589546,7.216248220604405,18.939757512891802,1
2025-07-31,11.901696345619241,7.133761162239339,17.562339200734776,1
2025-08-01,10.117406710173539,4.74761631226216,15.864383421710146,1
2025-08-02,2.004691838924676,0.0,7.323969288250402,0
2025-08-03,1.2786951417950478,0.0,6.608159776148932,0
2025-08-04,13.055073744527858,7.469069512709116,18.556621182194927,1
2025-08-05,12.09460648916648,6.6582468605455265,17.756986058676432,1
2025-08-06,11.47816721844424,6.3133770042122475,16.776748225356766,1
2025-08-07,2.976625875178195,0.0,8.495577337707001,0
2025-08-08,8.820996128146744,3.3471549129798093,14.457298015953054,1
2025-08-09,0.7887471443774436,0.0,6.063197382276349,0
2025-08-10,0.07449182495347571,0.0,5.962844799410883,0
2025-08-11,11.73536033347802,6.185547083653671,16.913226134844905,1
2025-08-12,10.819303463277198,5.039434894500861,16.246649394079498,1
2025-08-13,10.258050713808032,4.626226179620442,15.971313838967037,1
2025-08-14,9.463329887452042,3.7978623284384354,14.782010663955296,1
2025-08-15,7.7689546230332684,2.1844643167108235,13.057574440107745,1
2025-08-16,0.0,0.0,5.4603596340728595,0
2025-08-17,0.0,0.0,5.132236263984937,0
2025-08-18,3.4458602851016265,0.0,8.818627040261195,0
2025-08-19,10.152881036126061,4.108649004514151,16.019346002608636,1
2025-08-20,9.719068689176463,3.8621230177425723,14.754789575750673,1
2025-08-21,9.058373965972866,3.6644668484016023,14.477587127702748,1
2025-08-22,7.510351112102629,1.7955930349616587,12.912780120473208,1
2025-08-23,0.0,0.0,5.306365485093587,0
2025-08-24,0.0,0.0,4.574934960451186,0
2025-08-25,11.018582451624143,5.531704823818018,16.340255985130362,1
2025-08-26,10.35131790015531,4.755893735878903,15.491007114022205,1
2025-08-27,10.028404406164613,4.215128107926638,15.498840497811408,1
2025-08-28,9.471538501104733,3.711737187917696,15.037323568827606,1
2025-08-29,8.026489631004733,2.1701886369978602,13.232900117270045,1
2025-08-30,0.5537457896270432,0.0,6.113645886588317,0
2025-08-31,0.1418892996214789,0.0,5.57024358670767,0
2025-09-01,11.667628963350806,6.365149504769978,17.83447603591719,1
2025-09-02,11.036526217047971,5.047914592352617,16.859831984114148,1
2025-09-03,10.72998447518634,5.384585915332683,16.18084297796959,1
2025-09-04,10.17641469261003,4.346522842741655,15.765347998243929,1
2025-09-05,8.729520847827047,3.0615624713854257,14.02008313050044,1
2025-09-06,1.3113971657237409,0.0,6.68520136262274,0
2025-09-07,0.8557299270816888,0.0,6.46149734089136,0
2025-09-08,12.18152800975482,6.585462133889024,17.170580797208743,1
2025-09-09,11.482843294650394,5.837543479023635,16.608551405012243,1
2025-09-10,11.093723999289587,5.8077818658047615,16.37175025751232,1
2025-09-11,10.45097991611054,4.734142714096632,15.787201168493288,1
2025-09-12,8.917816624732845,3.3251662677510665,14.629409778359513,1
2025-09-13,1.4793560604609601,0.0,6.776017916082277,0
2025-09-14,0.9156386757959156,0.0,6.245562724300176,0
2025-09-15,11.989029726070461,6.2821041316743,17.523436772356376,1
2025-09-16,11.182914723713361,5.447935580219495,16.42345188745163,1
2025-09-17,10.684601353020422,5.13158795162893,16.196269531553078,1
2025-09-18,9.939673060812739,4.8350893170959806,15.749136962660426,1
2025-09-19,8.320964976311942,2.5173341315095903,13.448012517696572,1
2025-09-20,0.8765052514879055,0.0,6.62118587947722,0
2025-09-21,0.23231951620366903,0.0,5.767097278735104,0
2025-09-22,11.093519353529942,5.543604193721525,16.4704052454219,1
2025-09-23,10.231983673732547,4.790503833784999,15.95525269378971,1
2025-09-24,9.687224315134987,4.042542849754769,15.141160404660498,1
2025-09-25,8.912347115690524,3.8325817345926785,14.716824302266387,1
2025-09-26,7.288392355411171,1.7804424978369877,12.61820752232668,1
2025-09-27,0.0,0.0,5.827474738733941,0
2025-09-28,0.0,0.0,5.194122572208492,0
2025-09-29,10.035286433497575,4.626724734844637,15.739038674773496,1
2025-09-30,9.214143788496914,3.5804969444689125,14.174741907010528,1
2025-10-01,8.718099795013467,2.9680268600160873,14.431535354549366,1
2025-10-02,8.005949921964715,2.0150185769253426,13.025194271014266,1
2025-10-03,6.4651577294634945,0.9675690326417311,11.915682688109301,1
2025-10-04,0.0,0.0,4.991036795927734,0
2025-10-05,0.0,0.0,4.297191992472556,0
2025-10-06,9.409672415444659,3.862141707823957,14.782324264408697,1
2025-10-07,8.684631667917172,3.398787028186878,14.046175909691328,1
2025-10-08,8.281740283869421,2.426577428664999,14.03506321820415,1
2025-10-09,7.664659592402873,2.2457770708970077,12.92444468872504,1
2025-10-10,6.226695063992675,0.5729811575373258,11.5438683777622,1
2025-10-11,0.0,0.0,4.493153213134661,0
2025-10-12,0.0,0.0,4.1655510293304685,0
2025-10-13,2.551627330865038,0.0,8.003027792786957,0
2025-10-14,8.689239980478042,2.9718390557002983,14.057608226047806,1
2025-10-15,8.33619031669508,3.073045567635602,13.991458062467292,1
2025-10-16,7.760181941858783,2.5211097524995028,13.333120022095727,1
2025-10-17,6.361565277246529,0.4101477705947608,11.889414589106993,1
2025-10-18,0.0,0.0,5.4114862730511915,0
2025-10-19,0.0,0.0,4.777628502666471,0
2025-10-20,9.430948417063615,3.821901561708945,15.052022167974346,1
2025-10-21,8.749141125989063,3.4735400865908335,14.501206149420613,1
2025-10-22,8.359310041275803,2.8730053941047977,13.890723077089818,1
2025-10-23,7.73877261415916,2.304571640330034,13.460528377238523,1
2025-10-24,6.296900281377082,0.35556491072692514,11.73686959138898,1
2025-10-25,0.0,0.0,4.974986180911905,0
2025-10-26,0.0,0.0,4.515220077740454,0
2025-10-27,9.101624931417126,3.5021089824400855,14.657726011030935,1
2025-10-28,8.34634416641668,2.8272896312657156,13.721468502631895,1
2025-10-29,7.87896183390739,2.299783323908799,13.287600211435423,1
2025-10-30,7.185771131596459,1.377014121790114,12.681079252754675,1
2025-10-31,5.68607244144362,0.0,11.102482356440468,1
2025-11-01,0.0,0.0,3.8761944764869987,0
2025-11-02,0.0,0.0,3.9840300724463007,0
2025-11-03,1.7325864761446408,0.0,6.866536039742861,0
2025-11-04,7.482850648523339,2.171733840956125,12.930660538294871,1
2025-11-05,6.994625317689943,1.7326716854456607,12.558829205782446,1
2025-11-06,6.298314588509101,0.9534080881571503,12.063507920305799,1
2025-11-07,4.821974909481145,0.0,10.322238532384482,1
2025-11-08,0.0,0.0,3.1629227120927403,0
2025-11-09,0.0,0.0,2.891933809969422,0
2025-11-10,7.483088655260466,1.8119155170809838,13.263005790175127,1
2025-11-11,6.780328490325548,1.175148827526033,12.024024524422893,1
2025-11-12,6.386891211641629,1.066704406213903,12.0350995845504,1
2025-11-13,5.802529006230682,0.4600453623034425,11.33505531219584,1
2025-11-14,4.460367944692557,0.0,9.598217195283224,1
2025-11-15,0.0,0.0,3.5287150559363663,0
2025-11-16,0.0,0.0,3.6241915042034027,0
2025-11-17,1.124221587218208,0.0,7.057291047809604,0
2025-11-18,6.96121998705589,1.8466374525848335,12.798017211634729,1
2025-11-19,6.726103766026779,1.1011821318224007,12.179864458290425,1
2025-11-20,6.3027018876710486,0.5510252955043876,12.17892100500241,1
2025-11-21,5.1276133955932,0.0,10.978968173014884,1
2025-11-22,0.0,0.0,4.3352690361846475,0
2025-11-23,0.0,0.0,4.620782770038497,0
2025-11-24,8.556861427944641,2.643567261306529,14.11970956746091,1
2025-11-25,8.135689368213304,2.3180869252268486,13.700161986029254,1
2025-11-26,8.005444919604782,2.3388814990548465,13.588317101879248,1
2025-11-27,7.672106953494796,2.1791891395062324,13.39077648604729,1
2025-11-28,6.5767662651564995,1.2123791086919722,12.056769929393228,1
2025-11-29,0.33796472361996066,0.0,6.021600420916801,0
2025-11-30,0.10808782584935812,0.0,5.713996133102145,0
2025-12-01,10.04470841218706,4.330002440717312,15.536072510938855,1
2025-12-02,9.610215714983708,4.375277529003612,14.81140148286409,1
2025-12-03,9.441593186299512,3.8046309217820373,14.91947932329393,1
2025-12-04,9.05084231324434,3.3581105351616123,14.026484644655875,1
2025-12-05,7.902809115992794,2.4948590942258915,13.035269128161367,1
2025-12-06,1.6233510180781816,0.0,6.83264639541979,0
2025-12-07,1.2795822428548875,0.0,6.5422535581682535,0
2025-12-08,4.832671192978348,0.0,9.916307647307033,0
2025-12-09,10.49802222940274,5.088128605864703,16.2040080055714,1
2025-12-10,10.192724367152403,4.9859888727519825,15.7386283903423,1
2025-12-11,9.655411073092262,4.274568905853758,14.743405744711978,1
2025-12-12,8.332777298211434,2.65848949347605,13.504786987038074,1
2025-12-13,1.8584852899040072,0.0,7.5109958164388155,0
2025-12-14,1.3408323759737555,0.0,6.850809220354682,0
2025-12-15,10.982340504933404,5.247271872084707,16.777260408783697,1
2025-12-16,10.259271398892379,4.549307861719634,16.10770619305928,1
2025-12-17,9.799799877292134,4.392584810392678,15.411226167499187,1
2025-12-18,9.11967368734955,3.8046932085306975,14.693037525494413,1
2025-12-19,7.666161166356143,1.8493340306214048,13.239408606285066,1
2025-12-20,1.0601372640436753,0.0,6.743135861968674,0
2025-12-21,0.4498917137272681,0.0,5.80808908509497,0
2025-12-22,10.05383126461432,4.593852156502943,15.291866496928785,1
2025-12-23,9.278964561359055,4.055623303600883,14.755450739244267,1
2025-12-24,8.79062697737365,3.1813306881456995,14.203077358730086,1
2025-12-25,1.8272805083264745,0.0,7.626961633618967,0
2025-12-26,6.661910685623949,1.2430078542791363,11.935284859225952,1
2025-12-27,0.07211775052644748,0.0,5.317132019245922,0
2025-12-28,0.0,0.0,5.2105913914376485,0
2025-12-29,9.2348091773121,3.834371833207764,14.203397156584863,1
2025-12-30,8.556244775985862,3.4274340582845344,13.912917957788528,1
2025-12-31,8.180532982542616,2.560088221216737,13.525718412894582,1
2026-01-01,1.3149112293844374,0.0,6.392972906191093,0
2026-01-02,6.308415106928174,0.7502228828540759,11.877393786028918,1
2026-01-03,0.0,0.0,5.708314927190225,0
2026-01-04,0.0,0.0,5.057667897344386,0
2026-01-05,9.347140766107984,3.9534871523323667,15.046748506856247,1
2026-01-06,8.816408965481354,3.313316043377212,14.391220948234585,1
2026-01-07,8.587022412975548,2.633230519180597,13.886139635060049,1
2026-01-08,8.16384767907302,2.6903542725591723,13.504000173641296,1
2026-01-09,6.981277421017596,1.2227480529027237,12.652120577235348,1
2026-01-10,0.5931054641899132,0.0,6.411134211129447,0
2026-01-11,0.2954521961466284,0.0,5.618991800642121,0
2026-01-12,4.009682476928494,0.0,10.154332252032638,0
2026-01-13,9.914042756591392,4.289520245214491,15.17088521608766,1
2026-01-14,9.747010765511337,4.467485522228557,15.237276604825375,1
2026-01-15,9.36761181259443,3.339788445745706,14.82610879306234,1
2026-01-16,8.206872320325793,2.291099279649273,13.42363242057263,1
2026-01-17,1.7944023481281988,0.0,7.347331571420787,0
2026-01-18,1.4885524547352202,0.0,7.171479426404838,0
2026-01-19,11.592318332146144,5.919288283919723,16.56162677125212,1
2026-01-20,11.098458633427473,5.401180045181563,16.354476448566682,1
2026-01-21,10.878529870269224,5.31067989560728,16.5278477604855,1
2026-01-22,10.433021308700638,4.981660744580289,15.78313218010944,1
2026-01-23,9.19179208666778,3.8341224441838206,14.897612728235124,1
2026-01-24,2.6622543034477113,0.0,8.216223111216854,0
2026-01-25,2.266719936533239,0.0,7.480419156080628,0
2026-01-26,12.333726967360658,7.05903067234207,17.89816144891635,1
2026-01-27,11.744259937925637,6.121115555202993,17.4448040013489,1
2026-01-28,11.431148657319445,5.950036318480624,16.96918355569008,1
2026-01-29,10.894309695669563,5.760957868544659,16.193327637621564,1
2026-01-30,9.56251204325058,3.918713546729328,15.23834832153974,1
2026-01-31,2.9206943911240835,0.0,8.801716259561225,0
2026-02-01,2.4545140207740923,0.0,8.262234958305998,0
2026-02-02,12.517113362203,7.20208775662735,18.047490274579886,1
2026-02-03,11.876469774317933,6.426675687824389,17.45471295012896,1
2026-02-04,11.52519143474236,5.970898803672081,16.843380402663758,1
2026-02-05,10.960903732288232,5.461540588244857,16.60576344935281,1
2026-02-06,9.609386896139943,4.208015782447679,15.070039941355844,1
2026-02-07,2.931074459255446,0.0,8.746797611903153,0
2026-02-08,2.4728535685239494,0.0,7.700875023994796,0
2026-02-09,12.610322856356234,6.950502102063933,18.28330348977668,1
2026-02-10,11.996322396962467,7.043985663320949,17.61476643286463,1
2026-02-11,11.681176698550106,6.043811095030271,17.430514648949067,1
2026-02-12,11.15827371139405,5.826403370068115,16.539098000447265,1
2026-02-13,9.848618855480025,4.539390261338923,15.492514152453442,1
2026-02-14,3.1865548085048645,0.0,9.286373461192493,0
2026-02-15,2.7788482067568863,0.0,8.092496610123549,0
2026-02-16,13.02246787503251,7.935787318113725,18.758212614202886,1
2026-02-17,12.454317474059495,6.962817087051893,17.743140109465518,1
2026-02-18,12.181941136537612,7.138534737635147,17.70872539349404,1
2026-02-19,11.694303385154312,6.702225864108248,17.47845033921448,1
2026-02-20,10.407760505969238,5.055506613328325,16.37272742078073,1
2026-02-21,3.7309953367363895,0.0,9.159988287133004,0
2026-02-22,3.3313770073268936,0.0,9.519326951628958,0
2026-02-23,13.628239558246923,7.914893219325046,18.888445830169424,1
2026-02-24,13.043791248386018,7.503777038580462,18.113678231659474,1
2026-02-25,12.744251436138393,7.113040084127647,18.551321411750443,1
2026-02-26,12.215795449835099,6.6243226438333735,17.72520605827109,1
2026-02-27,10.871903695451637,5.172477877038553,16.546371254883862,1
2026-02-28,4.097469156311609,0.0,9.460430614846,0
2026-03-01,3.622386231841701,0.0,9.666447254985915,0
2026-03-02,13.890285197823205,8.557612071367052,19.748679177946745,1
2026-03-03,13.21057406616239,7.672675886401315,18.878246775587687,1
2026-03-04,12.80996405765026,7.661457298652997,18.42185243328785,1
2026-03-05,12.173539190414939,7.013310930601678,17.193446500406246,1
2026-03-06,10.713446196641604,5.544197000637698,16.615235012362785,1
2026-03-07,3.7921419141122943,0.0,8.88304712476411,0
2026-03-08,3.203183193777066,0.0,9.130987859851276,0
2026-03-09,13.415394521505423,8.046842495563089,18.85202469452203,1
2026-03-10,12.626025521096752,6.893544330949436,17.759707558635785,1
2026-03-11,12.12265415929274,6.865128403781725,17.690834024357102,1
2026-03-12,11.389376372378223,6.074899371908635,16.573907470497193,1
2026-03-13,9.836838273972695,4.323720205642381,15.497391499898733,1
2026-03-14,2.8046309197587735,0.0,8.389293417448831,0
2026-03-15,2.149294465263847,0.0,7.38496323900251,0
2026-03-16,12.363937404033397,6.95322753115576,18.0175008601928,1
2026-03-17,11.532532901955317,6.182459195859025,17.378610855866388,1
2026-03-18,11.002227017486717,5.222965979677062,16.73526790372423,1
2026-03-19,10.254679025612447,5.164753737169621,16.322100508059098,1
2026-03-20,8.697469172600913,2.969761200369752,14.017007674749335,1
2026-03-21,1.645675846344713,0.0,7.370796002201016,0
2026-03-22,1.0171299537797824,0.0,6.795180186371225,0
2026-03-23,4.623084733940084,0.0,10.057303779895795,0
2026-03-24,10.545871818063283,5.014784045430989,15.99914753131243,1
2026-03-25,10.077277227767162,4.510897362155652,15.579627652746584,1
2026-03-26,9.399435128132515,3.781742431469155,14.852533107114356,1
2026-03-27,7.915454367350575,2.5585650562211164,13.307673756315369,1
2026-03-28,0.9146405320672896,0.0,6.517494447116013,0
2026-03-29,0.37502204272005013,0.0,5.886241893644673,0
2026-03-30,10.833962034629895,5.303413690237319,15.942368609394292,1
2026-03-31,10.1448158638625,4.610674217409342,15.496915196988303,1
2026-04-01,9.770125285416695,4.164558811027762,15.11928271977614,1
2026-04-02,2.4293317978182487,0.0,7.690005542267737,0
2026-04-03,1.02401742979889,0.0,6.666738186893499,0
2026-04-04,0.8326949815765552,0.0,6.412450095823991,0
2026-04-05,0.3710384467640342,0.0,5.71759693170146,0
2026-04-06,10.95752148949327,5.753832785402109,16.474288537362703,1
2026-04-07,10.330485698091579,4.898219469460832,15.65444434829332,1
2026-04-08,10.010714157139004,4.052037221799549,15.821046315832223,1
2026-04-09,9.468305074612315,4.391563764825742,15.029975646468321,1
2026-04-10,8.09826820558108,2.980164026687997,13.492923413389175,1
2026-04-11,1.1396913897525087,0.0,6.573759814662341,0
2026-04-12,0.6927676421297554,0.0,6.381839771990767,0
2026-04-13,11.340367334074907,5.436915218617216,16.538340972865704,1
2026-04-14,10.707014299055983,5.394757921040913,16.454534566911708,1
2026-04-15,10.372914522065658,4.881712528356694,15.891850855043193,1
2026-04-16,9.805974218796157,4.4941716710959785,15.32391376647678,1
2026-04-17,8.398758507221434,2.7074799348803515,13.757923348174439,1
2026-04-18,1.366820510559184,0.0,7.2264339436582175,0
2026-04-19,0.872952912831158,0.0,6.3448501222284515,0
2026-04-20,11.524216878006452,6.243691561895663,16.94606693900164,1
2026-04-21,10.832056996385285,5.491887648153085,16.298859087643166,1
2026-04-22,10.436729962020644,5.024717470659072,15.486808019743476,1
2026-04-23,9.804463452127253,4.3224560815562425,15.261965409334016,1
2026-04-24,8.325775830411082,2.685341779795663,13.586323121431722,1
2026-04-25,1.1929688529340619,0.0,7.196396203652131,0
2026-04-26,0.6316067537997037,0.0,6.010641445312445,0
2026-04-27,11.273006733266861,5.774537129629319,16.856016231561426,1
2026-04-28,10.515499056340989,5.0609755510271555,15.887815900868013,1
2026-04-29,10.059263209924511,4.682410784081702,15.524818821633396,1
2026-04-30,9.368635950699016,3.8727617912575143,14.624870001986608,1
2026-05-01,0.9340870478232411,0.0,6.424734587553462,0
2026-05-02,0.6174545296477024,0.0,6.346416328355543,0
2026-05-03,0.013521187291892337,0.0,5.685578056989015,0
2026-05-04,10.675115107603174,5.706774329279229,16.026891867920593,1
2026-05-05,9.886953926302011,4.451526231580214,15.260247730350727,1
2026-05-06,9.408610559855088,4.324339613251588,14.869451538040256,1
2026-05-07,8.701977923384318,2.602039506752075,14.117023921777315,1
2026-05-08,7.152335368424344,1.7626372505253907,13.006362621235303,1
2026-05-09,0.0,0.0,5.244701831422019,0
2026-05-10,0.0,0.0,4.9472945540997,0
2026-05-11,10.039830913936118,4.747154707052267,15.354426441490544,1
2026-05-12,9.272456575318904,3.750960961406465,14.544125302796738,1
2026-05-13,8.82351637304501,3.3989259372744005,14.352784493591766,1
2026-05-14,8.151891864968562,2.770097610798041,13.233649510312427,1
2026-05-15,6.639402973123029,1.1140679211614497,12.114012240943723,1
2026-05-16,0.0,0.0,5.027154388323361,0
2026-05-17,0.0,0.0,4.166975273954912,0
2026-05-18,2.7273798786888164,0.0,8.29855974375221,0
2026-05-19,9.003300556600529,3.443854029433539,14.43705477043021,1
2026-05-20,8.620764548866248,3.1402903745069253,13.861230866713687,1
2026-05-21,8.017184889303625,2.5545036173564872,13.410926639246469,1
2026-05-22,6.5705369481105595,1.0950092408850054,12.087792115856216,1
2026-05-23,0.0,0.0,5.304374590202487,0
2026-05-24,0.0,0.0,4.379768153270616,0
2026-05-25,9.879653541001593,4.255361938891733,15.149735027676078,1
2026-05-26,9.243241213264163,3.8978450248057945,14.656850251965103,1
2026-05-27,8.92982000337394,3.526803050364498,14.148590892097545,1
2026-05-28,8.391333956193279,2.7197455789243588,13.8153343197782,1
2026-05-29,7.001907792994316,2.0494715878368783,12.7107970535886,1
2026-05-30,0.0,0.0,5.436024611188461,0
2026-05-31,0.0,0.0,4.633458576496022,0
2026-06-01,10.491383148997311,5.108052046443719,16.51125781484975,1
2026-06-02,9.894743285564877,4.414182339661879,15.65838194615004,1
2026-06-03,9.616018176825412,4.038285553025511,14.851049834780508,1
2026-06-04,9.104100306594807,3.5875819237677864,14.37565309455484,1
2026-06-05,7.729791585138629,2.3435197669323484,13.383270554045206,1
2026-06-06,0.538390080705249,0.0,6.177489312363879,0
2026-06-07,0.12464088991244217,0.0,5.62012099740789,0
2026-06-08,4.172060594555987,0.0,9.506444074706815,0
2026-06-09,10.651334424552228,5.404252897265196,16.018075892827515,1
2026-06-10,10.357330279110442,4.771560147406299,15.741883984922351,1
2026-06-11,9.822724462926008,4.136167684856574,15.404338455753845,1
2026-06-12,8.415800007569235,3.3971596240414916,13.850200856893231,1
2026-06-13,1.1582381343130004,0.0,6.233761145825604,0
2026-06-14,0.7072993978631039,0.0,6.280211666526047,0
2026-06-15,4.7359183169355,0.0,10.503913854740045,0
2026-06-16,11.2056952557206,5.7353841087866835,16.85649343974902,1
2026-06-17,10.86740368466839,5.021098594252808,16.30150328017809,1
2026-06-18,10.286662292348925,4.930230692209687,15.891854528142355,1
2026-06-19,8.829637359285798,3.67116174363865,14.643047622575015,1
2026-06-20,1.4946834260702346,0.0,6.937970633127222,0
2026-06-21,1.0017453990375313,0.0,6.5703265896626455,0
2026-06-22,12.168632698704146,6.760038706567675,17.552242435576996,1
2026-06-23,11.481519463385311,6.2641225270356315,16.648134833230966,1
2026-06-24,11.113107077421573,5.657564957860288,16.33812293212888,1
2026-06-25,10.506179990278483,4.666110498475337,15.94989178246177,1
2026-06-26,9.024298123978925,3.6379066501465775,14.362914217311564,1
2026-06-27,1.6418774289553344,0.0,7.352825564047433,0
2026-06-28,1.1408229272214803,0.0,6.551733445328974,0
2026-06-29,5.172162377254679,0.0,10.436961347598745,0
2026-06-30,11.67823392354735,6.241525175130551,17.016908702814373,1
2026-07-01,11.320193950204054,5.731550535177091,16.59870133697537,1
2026-07-02,10.72780379629944,5.578393838514936,16.484021349784356,1
2026-07-03,9.260969594638814,3.566789491435062,14.700209057167761,1
2026-07-04,1.8691178020027623,0.0,7.27645107374658,0
2026-07-05,1.3950821726775258,0.0,7.290975977316553,0
2026-07-06,12.702334276742402,7.340901566488815,18.382205952432354,1
2026-07-07,12.047810467739088,6.410809897226082,17.229240888818207,1
2026-07-08,11.720928813621237,5.724284704456301,17.13553721654109,1
2026-07-09,11.157485379309158,5.750373657259523,17.17876302655431,1
2026-07-10,9.713131040676988,4.2535184248011095,15.379879969949494,1
2026-07-11,2.311844078731269,0.0,8.193720298847667,0
2026-07-12,1.8570845939222849,0.0,7.3202424815982114,0
2026-07-13,5.9750366559895065,0.2766394743757806,11.374999874512156,0
2026-07-14,12.586059614101481,7.005361083569742,18.175188793280174,1
2026-07-15,12.259261337289036,6.7668798430748796,16.936930868553805,1
2026-07-16,11.68645972348638,6.113660298955557,17.178618223861893,1
2026-07-17,10.219614153622969,4.636715631531344,15.370409898368653,1
2026-07-18,2.7579826633607287,0.0,7.945880034600718,0
2026-07-19,2.266531999644366,0.0,7.745878050293213,0
2026-07-20,6.359973902944126,0.6965511274333636,11.832961350043883,0
2026-07-21,12.948833200024398,7.778381132546416,18.150438606333985,1
2026-07-22,12.557533993257744,7.061766796981756,17.955531595008555,1
2026-07-23,11.910424472966728,6.120952364142316,16.941046313097935,1
2026-07-24,10.357126184528491,4.6340382052527715,16.149967888404976,1
2026-07-25,2.7735506644902843,0.0,8.156772679896228,0
2026-07-26,2.187536939827463,0.0,7.250409413436129,0
2026-07-27,13.53252338404002,7.6049301354333245,18.83801428845558,1
2026-07-28,12.723854664616224,7.411350806651614,18.355777074615588,1
2026-07-29,12.22905301508857,6.909118894846493,17.775303495560653,1
2026-07-30,11.477181077259091,6.363334027564383,17.05693927934053,1
